"beds","baths","sqft","lot_size","property_type","exterior_walls","roof","basement","restaurants","groceries","nightlife","cafes","shopping","arts_entertainment","beauty_spas","active_life","median_age","married","college_grad","property_tax","insurance","median_school","num_schools","two_and_two","during_recession","property_age","school_score"
1,1,612,0,"Apartment / Condo / Townhouse","Brick","Composition Shingle",1,105,15,6,13,87,2,26,14,39,73,69,169,51,3,3,0,0,41,9
1,1,618,33541,"Apartment / Condo / Townhouse","Wood","Missing",0,198,9,38,25,127,11,72,83,36,25,91,265,92,9,3,0,0,5,27
1,1,641,0,"Apartment / Condo / Townhouse","Brick","Missing",0,146,10,23,27,86,9,60,52,28,15,86,168,58,8,3,0,0,57,24
1,1,660,0,"Apartment / Condo / Townhouse","Brick","Missing",0,51,8,6,2,40,18,32,41,36,49,77,188,65,6,3,0,1,30,18
1,1,680,0,"Apartment / Condo / Townhouse","Brick","Composition Shingle",1,8,1,0,3,10,1,10,10,60,15,63,147,44,4,3,0,0,43,12
1,1,685,48787,"Apartment / Condo / Townhouse","Brick","Missing",0,189,13,37,31,102,11,75,64,28,15,86,195,68,8,3,0,0,45,24
1,1,698,9686,"Apartment / Condo / Townhouse","Other","Missing",0,146,7,22,20,79,10,49,74,27,21,94,256,88,9,3,0,1,5,27
1,1,709,111513,"Apartment / Condo / Townhouse","Wood","Missing",0,213,13,44,30,108,11,91,88,33,40,96,316,109,5,3,0,0,3,15
1,1,722,0,"Apartment / Condo / Townhouse","Siding (Alum/Vinyl)","Composition Shingle",1,101,8,8,11,74,4,30,26,33,48,85,218,66,4,3,0,0,20,12
1,1,725,0,"Apartment / Condo / Townhouse","Wood","Missing",0,198,9,38,26,127,11,72,83,36,25,91,306,106,9,3,0,1,5,27
1,1,741,0,"Apartment / Condo / Townhouse","Wood","Missing",0,198,9,38,26,127,11,72,83,36,25,91,291,101,9,3,0,0,3,27
1,1,792,0,"Apartment / Condo / Townhouse","Brick","Other",1,31,5,4,4,33,0,37,11,35,50,82,221,67,8,3,0,0,22,24
1,1,796,0,"Apartment / Condo / Townhouse","Other","Other",1,134,5,22,28,314,7,96,34,64,52,63,286,87,8,3,0,0,28,24
1,1,850,0,"Apartment / Condo / Townhouse","Brick","Missing",0,97,15,11,12,97,2,70,25,32,13,72,146,48,2,3,0,0,31,6
1,1,850,0,"Apartment / Condo / Townhouse","Brick","Other",1,66,11,5,11,24,5,50,15,56,24,66,200,61,5,3,0,0,22,15
1,1,866,0,"Apartment / Condo / Townhouse","Brick","Missing",0,190,7,34,36,194,12,62,33,32,31,85,277,96,6,3,0,0,26,18
1,1,902,0,"Apartment / Condo / Townhouse","Other","Other",1,167,7,23,29,340,12,113,51,43,64,72,258,78,10,3,0,0,27,30
1,1,934,0,"Apartment / Condo / Townhouse","Other","Composition Shingle",1,121,11,10,15,109,13,59,44,52,42,63,180,54,7,3,0,0,12,21
1,1,961,0,"Apartment / Condo / Townhouse","Wood","Missing",0,54,8,6,3,48,16,37,44,33,35,72,280,97,6,3,0,1,7,18
1,1,1005,0,"Apartment / Condo / Townhouse","Brick","Other",1,66,10,5,10,23,6,49,14,56,24,66,184,56,5,3,0,0,32,15
1,1,1322,0,"Apartment / Condo / Townhouse","Wood","Missing",0,266,10,53,47,320,35,122,94,28,52,72,666,231,8,3,0,1,3,24
1,2,1489,0,"Apartment / Condo / Townhouse","Brick","Missing",0,37,6,5,4,45,10,24,25,39,41,83,258,89,6,3,0,0,67,18
2,1,836,0,"Apartment / Condo / Townhouse","Brick","Missing",0,56,7,9,6,64,6,40,41,36,36,90,265,92,9,3,0,1,18,27
2,1,875,0,"Apartment / Condo / Townhouse","Brick","Missing",0,51,8,6,2,40,18,33,40,36,49,77,228,79,6,3,0,1,62,18
2,1,900,0,"Single-Family","Brick","Missing",0,51,8,7,4,53,18,37,43,36,37,80,240,79,4,3,0,0,64,12
2,1,928,0,"Apartment / Condo / Townhouse","Wood","Missing",0,107,9,30,19,89,6,47,58,33,65,84,345,119,9,3,0,1,0,27
2,1,930,1059,"Apartment / Condo / Townhouse","Metal","Composition Shingle",1,6,2,0,0,4,0,4,1,36,62,63,233,71,7.5,2,0,0,16,15
2,1,952,0,"Apartment / Condo / Townhouse","Brick","Composition Shingle",1,129,8,22,25,318,7,102,34,36,42,67,202,61,8,3,0,1,46,24
2,1,960,0,"Apartment / Condo / Townhouse","Brick","Missing",1,173,11,38,30,106,10,73,72,32,24,82,262,91,5,3,0,0,43,15
2,1,966,0,"Apartment / Condo / Townhouse","Brick","Missing",0,96,11,12,7,38,8,39,34,36,40,81,147,51,4,3,0,1,52,12
2,1,966,0,"Apartment / Condo / Townhouse","Wood","Composition Shingle",1,109,12,10,14,103,12,60,44,52,42,63,258,78,7,3,0,1,19,21
2,1,1008,1995,"Apartment / Condo / Townhouse","Siding (Alum/Vinyl)","Composition Shingle",1,19,1,3,0,8,1,7,6,41,62,85,254,77,6,2,0,0,19,12
2,1,1010,0,"Apartment / Condo / Townhouse","Brick","Missing",0,40,8,5,4,50,14,32,33,31,58,93,295,98,4,3,0,0,51,12
2,1,1015,1615,"Single-Family","Brick","Missing",1,185,8,31,32,284,33,173,81,38,56,55,353,117,2,3,0,0,73,6
2,1,1044,0,"Apartment / Condo / Townhouse","Brick","Missing",0,48,7,2,6,52,5,36,35,34,34,66,201,69,9,3,0,0,54,27
2,1,1062,0,"Apartment / Condo / Townhouse","Brick","Missing",0,43,7,6,2,23,18,28,42,33,35,87,267,92,6,3,0,0,24,18
2,1,1188,3001,"Single-Family","Brick","Asphalt",1,29,7,3,3,36,1,23,15,34,68,36,255,84,2,3,0,0,55,6
2,1,1200,0,"Apartment / Condo / Townhouse","Brick","Composition Shingle",1,8,1,0,3,9,2,10,9,35,29,73,295,89,4,3,0,1,62,12
2,1,1240,3484,"Apartment / Condo / Townhouse","Missing","Composition Shingle",1,67,4,4,11,162,3,40,24,35,50,66,261,67,7,3,0,1,26,21
2,1,1250,0,"Apartment / Condo / Townhouse","Other","Other",1,39,15,7,4,35,0,11,7,35,44,80,217,66,4,3,0,0,24,12
2,1,1350,1245,"Apartment / Condo / Townhouse","Brick","Other",0,141,7,28,26,259,25,146,58,52,66,81,515,171,4,3,0,0,46,12
2,1,1526,2478,"Single-Family","Siding (Alum/Vinyl)","Missing",1,4,1,0,0,1,0,5,5,29,88,73,242,68,8,1,0,1,8,8
2,2,910,6023,"Single-Family","Brick veneer","Shake Shingle",1,60,10,4,7,61,5,42,30,39,86,81,468,162,9,3,1,0,58,27
2,2,915,183387,"Apartment / Condo / Townhouse","Brick","Missing",0,146,8,16,20,74,11,49,58,30,46,41,265,92,7,3,1,0,1,21
2,2,930,1625,"Apartment / Condo / Townhouse","Siding (Alum/Vinyl)","Composition Shingle",1,27,6,1,3,22,5,23,15,35,55,73,286,87,5,3,1,0,25,15
2,2,951,0,"Apartment / Condo / Townhouse","Siding (Alum/Vinyl)","Composition Shingle",1,49,6,6,5,47,5,30,17,39,37,55,209,63,6,3,1,1,24,18
2,2,959,0,"Apartment / Condo / Townhouse","Brick","Composition Shingle",1,98,7,7,10,95,4,37,33,33,71,84,229,69,9,3,1,0,1,27
2,2,998,0,"Apartment / Condo / Townhouse","Brick","Composition Shingle",1,40,3,1,7,129,3,29,10,35,69,80,204,62,9,3,1,0,16,27
2,2,1000,0,"Single-Family","Brick","Missing",0,42,7,6,4,47,16,29,31,39,41,83,347,120,6,3,1,1,71,18
2,2,1005,0,"Apartment / Condo / Townhouse","Brick","Missing",0,175,8,31,23,94,10,60,80,29,11,94,378,131,9,3,1,1,24,27
2,2,1027,0,"Apartment / Condo / Townhouse","Wood","Missing",0,198,9,38,25,126,12,72,84,29,15,82,453,157,9,3,1,0,7,27
2,2,1044,0,"Apartment / Condo / Townhouse","Brick","Missing",0,99,23,17,15,90,7,51,30,34,56,25,172,59,4,3,1,0,43,12
2,2,1075,0,"Apartment / Condo / Townhouse","Siding (Alum/Vinyl)","Composition Shingle",1,0,0,0,0,3,0,1,1,41,69,77,191,58,9,3,1,1,27,27
2,2,1080,1951,"Apartment / Condo / Townhouse","Siding (Alum/Vinyl)","Asphalt",1,67,6,3,8,31,3,35,18,31,74,59,241,73,8,3,1,1,26,24
2,2,1086,0,"Apartment / Condo / Townhouse","Wood","Missing",0,48,3,9,2,21,20,30,42,30,34,70,298,103,6,3,1,0,11,18
2,2,1095,0,"Apartment / Condo / Townhouse","Brick","Missing",0,173,12,31,35,124,13,48,68,44,44,86,432,150,8,3,1,0,20,24
2,2,1108,0,"Apartment / Condo / Townhouse","Siding (Alum/Vinyl)","Composition Shingle",1,62,15,4,5,83,3,15,11,43,73,41,327,99,3,3,1,0,17,9
2,2,1130,0,"Apartment / Condo / Townhouse","Metal","Composition Shingle",1,53,7,6,5,49,6,31,17,44,71,63,258,78,6,3,1,1,21,18
2,2,1134,1511,"Apartment / Condo / Townhouse","Siding (Alum/Vinyl)","Composition Shingle",1,19,3,1,5,13,3,11,13,43,22,67,274,83,7,3,1,1,27,21
2,2,1135,0,"Single-Family","Wood","Missing",0,73,8,8,3,26,19,32,42,33,29,81,288,100,4.5,4,1,1,6,18
2,2,1141,0,"Apartment / Condo / Townhouse","Brick","Other",1,58,5,4,7,79,5,85,25,47,41,78,327,99,9,3,1,0,28,27
2,2,1148,0,"Apartment / Condo / Townhouse","Brick","Composition Shingle",1,82,8,5,8,89,4,26,32,33,71,84,265,81,9,3,1,0,5,27
2,2,1152,0,"Apartment / Condo / Townhouse","Brick","Composition Shingle",1,35,3,3,1,20,4,11,19,33,35,83,268,81,5,3,1,1,18,15
2,2,1158,0,"Apartment / Condo / Townhouse","Other","Other",1,71,13,5,13,31,12,48,28,32,43,63,375,114,5,3,1,1,6,15
2,2,1170,0,"Single-Family","Siding (Alum/Vinyl)","Composition Shingle",1,39,6,3,3,37,6,27,15,40,51,72,237,72,6,3,1,0,7,18
2,2,1170,0,"Apartment / Condo / Townhouse","Siding (Alum/Vinyl)","Composition Shingle",1,40,6,3,3,37,5,26,15,40,51,72,249,76,6,3,1,1,12,18
2,2,1195,0,"Apartment / Condo / Townhouse","Missing","Composition Shingle",1,19,2,0,1,4,1,15,14,33,53,74,290,74,8.5,2,1,0,3,17
2,2,1200,1420,"Apartment / Condo / Townhouse","Siding (Alum/Vinyl)","Composition Shingle",1,65,15,2,6,51,1,51,25,40,68,63,258,78,5,3,1,1,25,15
2,2,1201,96703,"Apartment / Condo / Townhouse","Wood","Composition Shingle",0,75,11,10,8,91,5,53,40,45,60,71,407,118,9,3,1,1,3,27
2,2,1205,0,"Apartment / Condo / Townhouse","Siding (Alum/Vinyl)","Composition Shingle",1,44,5,4,7,46,3,32,13,31,61,38,218,66,4,3,1,0,18,12
2,2,1220,0,"Apartment / Condo / Townhouse","Siding (Alum/Vinyl)","Composition Shingle",1,16,1,1,3,5,0,12,4,37,47,58,192,58,7,2,1,0,10,14
2,2,1244,0,"Apartment / Condo / Townhouse","Siding (Alum/Vinyl)","Composition Shingle",1,44,15,1,4,56,3,21,6,37,62,55,201,61,4,3,1,1,13,12
2,2,1248,0,"Apartment / Condo / Townhouse","Wood","Missing",0,198,9,38,25,126,12,72,84,29,15,82,540,187,9,3,1,1,2,27
2,2,1309,759,"Single-Family","Brick","Asphalt",0,149,4,30,23,261,21,114,63,50,34,93,479,159,2,3,1,0,24,6
2,2,1343,0,"Apartment / Condo / Townhouse","Brick","Other",1,95,18,19,18,92,6,49,21,52,33,53,270,82,3,3,1,0,32,9
2,2,1350,2326,"Apartment / Condo / Townhouse","Siding (Alum/Vinyl)","Composition Shingle",1,39,4,2,5,18,2,23,12,36,66,73,274,83,8,3,1,1,20,24
2,2,1360,0,"Apartment / Condo / Townhouse","Brick","Composition Shingle",1,4,1,2,0,11,1,8,1,44,77,56,237,72,9,3,1,1,43,27
2,2,1360,1500,"Apartment / Condo / Townhouse","Siding (Alum/Vinyl)","Composition Shingle",1,13,6,0,3,22,0,3,6,42,66,56,268,82,3,3,1,1,28,9
2,2,1389,0,"Apartment / Condo / Townhouse","Brick","Other",1,88,17,18,18,88,6,47,25,59,54,57,242,73,3,3,1,1,33,9
2,2,1413,0,"Apartment / Condo / Townhouse","Brick","Missing",1,82,16,16,17,73,6,46,25,59,54,57,233,71,3,3,1,0,24,9
2,2,1420,0,"Apartment / Condo / Townhouse","Brick","Missing",0,173,12,31,35,124,13,48,68,44,44,86,504,174,8,3,1,0,16,24
2,2,1471,0,"Apartment / Condo / Townhouse","Brick","Missing",0,179,9,32,31,273,31,169,72,43,47,74,464,154,4,3,1,0,12,12
2,2,1496,2387,"Apartment / Condo / Townhouse","Brick","Composition Shingle",1,12,10,1,0,23,0,22,6,32,58,28,233,71,3,3,1,1,41,9
2,2,1530,0,"Apartment / Condo / Townhouse","Brick","Missing",0,115,9,23,25,182,11,62,32,57,13,83,360,124,6,3,1,0,27,18
2,2,1530,0,"Apartment / Condo / Townhouse","Metal","Composition Shingle",1,43,3,5,4,39,8,30,22,33,60,82,374,114,9,3,1,0,6,27
2,2,1623,0,"Apartment / Condo / Townhouse","Brick","Missing",1,51,8,6,2,40,18,33,40,36,49,77,370,128,6,3,1,0,33,18
2,2,1750,2217,"Apartment / Condo / Townhouse","Siding (Alum/Vinyl)","Composition Shingle",1,41,8,4,5,23,0,21,10,38,63,46,401,122,5,3,1,0,9,15
2,2,2310,3062,"Single-Family","Brick","Asphalt",1,174,6,27,32,234,29,175,80,35,57,79,477,158,4,3,1,1,56,12
2,3,1260,2280,"Apartment / Condo / Townhouse","Siding (Alum/Vinyl)","Composition Shingle",1,4,2,0,0,2,1,1,9,41,71,58,282,86,4,3,0,1,26,12
2,3,2067,1260,"Apartment / Condo / Townhouse","Siding (Alum/Vinyl)","Composition Shingle",1,21,3,1,3,17,2,13,8,42,55,72,348,106,7,3,0,0,23,21
2,3,2180,0,"Apartment / Condo / Townhouse","Brick","Asphalt",1,68,15,16,16,59,7,39,21,52,65,82,322,107,2,3,0,1,35,6
3,1,1211,16117,"Single-Family","Brick","Composition Shingle",1,97,15,12,6,118,3,52,13,30,88,40,336,102,3,3,0,1,57,9
3,1,1220,2325,"Apartment / Condo / Townhouse","Siding (Alum/Vinyl)","Composition Shingle",1,63,3,5,4,34,4,29,8,34,76,54,225,68,8,3,0,0,29,24
3,1,1280,1420,"Apartment / Condo / Townhouse","Wood","Composition Shingle",1,20,2,1,3,16,6,15,14,33,57,41,238,72,7,3,0,0,35,21
3,1,1280,1375,"Apartment / Condo / Townhouse","Siding (Alum/Vinyl)","Composition Shingle",1,98,13,9,11,99,6,56,31,40,68,63,274,83,5,3,0,1,26,15
3,1,1280,1398,"Apartment / Condo / Townhouse","Siding (Alum/Vinyl)","Composition Shingle",1,69,14,2,8,56,1,50,25,40,68,63,274,83,5,3,0,0,20,15
3,1,1520,1400,"Single-Family","Brick","Composition Shingle",1,67,3,11,9,123,6,51,12,38,81,65,377,114,3,3,0,0,10,9
3,1,1618,12196,"Single-Family","Brick","Asphalt",1,46,7,5,6,60,2,41,10,40,83,82,372,123,1,3,0,0,49,3
3,1,2175,9500,"Single-Family","Siding (Alum/Vinyl)","Composition Shingle",1,70,8,9,7,82,5,48,37,36,81,80,771,224,9,3,0,0,55,27
3,2,816,3484,"Apartment / Condo / Townhouse","Brick","Shake Shingle",1,60,10,5,7,25,3,48,13,33,52,38,368,112,5,3,0,0,58,15
3,2,884,3140,"Single-Family","Metal","Composition Shingle",1,95,11,14,12,96,5,52,32,39,64,34,360,109,3,3,0,1,48,9
3,2,1084,0,"Apartment / Condo / Townhouse","Brick","Other",1,119,6,21,23,302,6,98,35,36,42,67,274,83,8,3,0,0,38,24
3,2,1200,5227,"Single-Family","Siding (Alum/Vinyl)","Composition Shingle",1,22,10,1,3,29,1,17,2,41,70,61,368,112,4,3,0,0,65,12
3,2,1220,1519,"Apartment / Condo / Townhouse","Siding (Alum/Vinyl)","Composition Shingle",1,33,5,3,5,22,1,21,12,34,36,86,364,111,8,3,0,0,30,24
3,2,1220,1520,"Apartment / Condo / Townhouse","Metal","Composition Shingle",1,33,5,3,5,22,1,21,12,34,36,86,368,112,8,3,0,0,30,24
3,2,1232,2639,"Apartment / Condo / Townhouse","Brick","Composition Shingle",1,16,6,1,3,26,0,3,6,33,82,47,254,77,3,3,0,0,32,9
3,2,1254,10737,"Single-Family","Brick","Other",1,12,2,0,7,6,0,0,5,47,66,62,457,139,5,3,0,1,61,15
3,2,1260,27007,"Single-Family","Combination","Missing",1,0,0,0,0,0,0,0,0,48,76,47,303,86,8,3,0,1,51,24
3,2,1285,11761,"Single-Family","Brick","Composition Shingle",1,6,1,1,0,22,0,4,6,39,80,44,399,121,7,2,0,1,50,14
3,2,1320,1400,"Apartment / Condo / Townhouse","Brick","Composition Shingle",1,10,2,0,1,10,3,5,7,46,78,77,295,90,7,3,0,0,33,21
3,2,1320,1650,"Apartment / Condo / Townhouse","Siding (Alum/Vinyl)","Asphalt",1,36,4,2,2,60,6,27,13,32,82,29,174,42,4,3,0,0,22,12
3,2,1320,1599,"Apartment / Condo / Townhouse","Brick","Missing",1,71,8,10,5,99,1,52,12,31,73,26,242,68,4,3,0,0,9,12
3,2,1332,0,"Single-Family","Brick","Composition Shingle",1,63,9,4,6,101,3,35,22,34,48,62,258,78,9,3,0,1,8,27
3,2,1348,1599,"Apartment / Condo / Townhouse","Siding (Alum/Vinyl)","Missing",1,22,4,3,3,28,0,24,12,29,63,51,251,71,7,3,0,1,23,21
3,2,1348,1629,"Apartment / Condo / Townhouse","Brick","Missing",1,0,0,0,0,5,0,0,2,31,80,47,286,81,6,2,0,0,2,12
3,2,1360,1498,"Apartment / Condo / Townhouse","Siding (Alum/Vinyl)","Composition Shingle",1,13,6,0,3,22,0,3,6,42,66,56,278,85,3,3,0,1,28,9
3,2,1368,1742,"Apartment / Condo / Townhouse","Missing","Composition Shingle",1,11,1,3,1,14,3,7,7,29,78,73,378,97,8,3,0,1,8,24
3,2,1374,1528,"Apartment / Condo / Townhouse","Brick","Composition Shingle",1,81,7,7,6,42,5,40,14,33,62,51,311,94,8,3,0,0,15,24
3,2,1375,1499,"Apartment / Condo / Townhouse","Siding (Alum/Vinyl)","Composition Shingle",1,44,7,2,4,39,4,24,18,39,62,81,359,109,5,3,0,0,7,15
3,2,1404,10001,"Single-Family","Wood","Asphalt",1,12,2,0,7,7,0,0,6,47,66,62,434,132,5,3,0,0,58,15
3,2,1404,9003,"Single-Family","Brick","Composition Shingle",1,96,7,16,10,85,5,54,15,44,89,46,377,115,4,3,0,1,51,12
3,2,1440,12632,"Single-Family","Siding (Alum/Vinyl)","Missing",1,2,1,0,1,6,0,2,2,36,75,35,286,81,4,3,0,0,52,12
3,2,1440,1444,"Apartment / Condo / Townhouse","Siding (Alum/Vinyl)","Composition Shingle",1,96,8,7,9,49,6,48,15,38,68,53,295,90,8,3,0,0,20,24
3,2,1444,9147,"Single-Family","Missing","Composition Shingle",0,9,1,1,2,9,1,11,10,39,89,74,358,92,6,3,0,1,41,18
3,2,1452,0,"Apartment / Condo / Townhouse","Brick","Composition Shingle",1,21,5,2,1,17,0,14,8,32,46,58,244,74,8,3,0,0,39,24
3,2,1452,1760,"Single-Family","Other","Composition Shingle",1,13,6,0,3,21,0,3,6,42,66,56,299,91,3,3,0,0,33,9
3,2,1452,2535,"Apartment / Condo / Townhouse","Metal","Other",1,25,2,0,2,25,1,15,8,35,93,62,325,99,6,2,0,0,23,12
3,2,1459,52707,"Single-Family","Siding (Alum/Vinyl)","Other",0,1,0,1,0,1,1,0,1,37,86,41,308,87,5,3,0,1,37,15
3,2,1501,1542,"Apartment / Condo / Townhouse","Metal","Composition Shingle",1,32,3,2,1,24,1,15,10,44,77,53,327,99,8.5,2,0,0,27,17
3,2,1514,0,"Apartment / Condo / Townhouse","Wood","Composition Shingle",1,70,10,3,8,93,5,40,24,34,58,76,286,87,7,3,0,0,11,21
3,2,1518,0,"Apartment / Condo / Townhouse","Siding (Alum/Vinyl)","Composition Shingle",1,25,2,3,3,8,0,9,6,39,36,37,257,78,8,3,0,1,19,24
3,2,1522,1760,"Apartment / Condo / Townhouse","Siding (Alum/Vinyl)","Composition Shingle",1,0,0,0,0,1,0,0,3,44,77,62,352,107,6,3,0,0,25,18
3,2,1541,87991,"Single-Family","Siding (Alum/Vinyl)","Missing",1,0,0,0,0,1,0,0,0,46,92,35,307,87,8,3,0,1,35,24
3,2,1548,16988,"Single-Family","Brick","Composition Shingle",1,44,7,1,2,40,2,24,13,34,59,63,433,132,8,3,0,0,57,24
3,2,1564,9282,"Single-Family","Siding (Alum/Vinyl)","Composition Shingle",1,11,6,0,3,9,0,3,6,37,85,72,397,121,3,3,0,0,28,9
3,2,1614,2688,"Apartment / Condo / Townhouse","Siding (Alum/Vinyl)","Missing",1,52,4,8,4,70,3,44,9,29,80,24,259,73,4,3,0,0,13,12
3,2,1636,2178,"Apartment / Condo / Townhouse","Brick","Missing",0,69,9,14,12,60,9,35,49,37,41,53,469,156,4,3,0,0,5,12
3,2,1637,6969,"Single-Family","Missing","Composition Shingle",0,4,1,0,2,9,2,13,5,37,69,60,368,94,6,3,0,0,21,18
3,2,1661,3057,"Apartment / Condo / Townhouse","Siding (Alum/Vinyl)","Composition Shingle",1,7,0,3,1,5,2,4,2,34,73,73,340,103,8,3,0,0,26,24
3,2,1672,1734,"Apartment / Condo / Townhouse","Brick","Asphalt",1,30,5,3,4,29,2,30,15,33,53,71,541,165,9,3,0,0,24,27
3,2,1682,1742,"Apartment / Condo / Townhouse","Missing","Composition Shingle",1,37,6,5,4,41,1,39,11,33,60,56,300,77,3,3,0,0,18,9
3,2,1695,0,"Apartment / Condo / Townhouse","Brick","Other",1,66,10,5,10,23,6,49,14,56,24,66,352,107,5,3,0,0,24,15
3,2,1729,15681,"Single-Family","Siding (Alum/Vinyl)","Composition Shingle",1,67,13,4,5,55,2,49,22,34,71,55,319,97,5,3,0,1,48,15
3,2,1787,2143,"Apartment / Condo / Townhouse","Brick","Asphalt",1,26,3,4,2,15,3,13,10,33,70,80,392,119,5,2,0,1,19,10
3,2,1793,55756,"Single-Family","Combination","Missing",1,2,1,0,0,2,0,1,1,45,91,61,334,94,8,3,0,0,16,24
3,2,1810,2178,"Apartment / Condo / Townhouse","Missing","Composition Shingle",1,14,1,0,1,25,4,18,8,32,82,45,354,91,8,3,0,0,17,24
3,2,1814,2570,"Apartment / Condo / Townhouse","Siding (Alum/Vinyl)","Missing",1,7,0,0,0,9,0,3,5,32,78,45,360,71,3,3,0,0,8,9
3,2,1840,2613,"Apartment / Condo / Townhouse","Missing","Composition Shingle",1,21,4,1,2,14,1,10,10,31,69,61,329,84,7,2,0,0,11,14
3,2,1857,2622,"Apartment / Condo / Townhouse","Combination","Missing",1,46,10,4,1,42,0,20,3,40,75,47,274,78,5,3,0,1,7,15
3,2,1885,0,"Apartment / Condo / Townhouse","Brick","Missing",0,123,9,19,22,128,20,127,47,36,37,80,586,195,4,3,0,0,3,12
3,2,1984,2141,"Apartment / Condo / Townhouse","Siding (Alum/Vinyl)","Composition Shingle",1,79,8,4,9,180,6,49,23,34,58,76,482,147,7,3,0,1,10,21
3,2,2008,3484,"Apartment / Condo / Townhouse","Missing","Composition Shingle",1,2,0,0,0,2,0,2,8,37,97,74,392,101,7,3,0,0,3,21
3,2,2038,43995,"Single-Family","Combination","Missing",0,0,0,0,0,0,0,0,1,36,81,49,352,100,7,3,0,1,36,21
3,2,2076,2178,"Apartment / Condo / Townhouse","Missing","Composition Shingle",1,0,0,0,0,0,0,0,4,30,94,84,339,87,7,3,0,0,6,21
3,2,2106,1950,"Apartment / Condo / Townhouse","Brick","Missing",1,69,15,16,16,60,8,39,24,52,65,82,413,137,2,3,0,0,21,6
3,2,2112,2953,"Apartment / Condo / Townhouse","Metal","Composition Shingle",1,39,9,2,6,28,4,21,20,49,48,52,537,163,6,3,0,1,13,18
3,2,2140,7405,"Single-Family","Wood","Composition Shingle",0,126,8,29,16,47,11,43,40,45,61,83,647,224,6,3,0,0,18,18
3,2,2155,1781,"Single-Family","Brick","Missing",1,50,13,7,9,43,8,44,25,32,34,76,515,171,2,3,0,0,10,6
3,2,2220,6098,"Single-Family","Brick","Other",1,41,6,7,4,46,13,28,30,34,57,72,575,191,4,3,0,1,56,12
3,2,2269,3232,"Apartment / Condo / Townhouse","Combination","Missing",1,21,3,3,2,26,2,21,12,37,85,53,321,91,7,3,0,0,18,21
3,2,2313,2613,"Apartment / Condo / Townhouse","Missing","Composition Shingle",1,0,0,0,0,0,0,5,3,34,67,61,422,108,8.5,2,0,0,2,17
3,2,2328,0,"Apartment / Condo / Townhouse","Brick","Composition Shingle",1,88,7,7,8,49,6,55,17,30,46,36,299,91,7,3,0,1,0,21
3,2,2464,2613,"Apartment / Condo / Townhouse","Brick","Missing",1,58,5,8,4,71,4,46,12,29,80,24,277,78,4,3,0,0,20,12
3,2,2526,2591,"Apartment / Condo / Townhouse","Siding (Alum/Vinyl)","Composition Shingle",1,34,7,1,5,25,4,22,23,49,48,52,524,160,6,3,0,0,5,18
3,2,2591,0,"Single-Family","Missing","Composition Shingle",0,0,0,0,0,0,0,2,3,34,67,61,320,82,8.5,2,0,0,0,17
3,2,2796,3120,"Apartment / Condo / Townhouse","Brick","Composition Shingle",1,59,5,4,7,79,5,86,26,50,57,77,606,185,9,3,0,0,28,27
3,2,2872,13503,"Single-Family","Wood","Composition Shingle",1,1,0,1,0,2,0,1,3,47,81,79,573,174,6,3,0,0,45,18
3,3,1080,1995,"Single-Family","Siding (Alum/Vinyl)","Composition Shingle",1,18,1,3,0,8,1,8,5,41,62,85,303,92,6,2,0,0,14,12
3,3,1163,7200,"Single-Family","Brick","Composition Shingle",1,60,12,5,4,60,2,35,11,43,72,65,360,110,4,3,0,0,65,12
3,3,1220,2269,"Apartment / Condo / Townhouse","Metal","Composition Shingle",1,39,7,3,2,28,4,29,13,35,80,72,344,105,5,3,0,1,23,15
3,3,1226,1498,"Apartment / Condo / Townhouse","Siding (Alum/Vinyl)","Composition Shingle",1,7,1,0,2,5,0,5,4,44,72,44,301,92,6,3,0,1,19,18
3,3,1280,1424,"Apartment / Condo / Townhouse","Metal","Composition Shingle",1,20,5,1,3,24,2,20,15,35,70,73,410,125,8,3,0,0,41,24
3,3,1280,1340,"Apartment / Condo / Townhouse","Siding (Alum/Vinyl)","Composition Shingle",1,18,2,0,0,21,0,9,7,40,68,50,258,78,4.5,2,0,0,30,9
3,3,1360,1520,"Single-Family","Brick","Composition Shingle",1,44,14,1,4,55,2,22,5,34,40,36,122,37,4,3,0,0,30,12
3,3,1406,0,"Apartment / Condo / Townhouse","Missing","Asphalt",1,20,2,0,1,4,1,15,14,33,53,74,314,81,8.5,2,0,0,3,17
3,3,1408,1542,"Apartment / Condo / Townhouse","Brick","Composition Shingle",1,11,2,0,4,8,2,5,7,39,87,73,344,105,8,1,0,0,25,8
3,3,1440,2442,"Apartment / Condo / Townhouse","Siding (Alum/Vinyl)","Shake Shingle",1,98,14,9,12,101,8,57,32,40,68,63,302,92,5,3,0,0,22,15
3,3,1452,1650,"Apartment / Condo / Townhouse","Siding (Alum/Vinyl)","Composition Shingle",1,1,0,0,0,1,0,0,4,37,85,72,307,93,6,3,0,1,29,18
3,3,1456,1742,"Apartment / Condo / Townhouse","Missing","Composition Shingle",1,37,6,5,4,41,1,39,11,29,69,50,348,89,3,3,0,0,15,9
3,3,1462,2178,"Apartment / Condo / Townhouse","Wood","Composition Shingle",1,17,0,0,0,12,4,15,20,32,63,70,348,106,7,3,0,0,18,21
3,3,1492,1308,"Apartment / Condo / Townhouse","Siding (Alum/Vinyl)","Composition Shingle",1,44,15,1,4,51,3,20,6,37,62,55,352,107,4,3,0,0,6,12
3,3,1538,5999,"Single-Family","Brick veneer","Shake Shingle",1,43,5,2,3,33,5,16,34,46,44,68,539,187,5,3,0,1,65,15
3,3,1540,1650,"Apartment / Condo / Townhouse","Brick","Composition Shingle",1,8,0,1,1,17,1,1,12,39,72,60,327,100,7,1,0,0,28,7
3,3,1568,2230,"Apartment / Condo / Townhouse","Wood","Composition Shingle",1,52,11,1,4,36,1,31,14,35,55,73,348,106,5,3,0,1,26,15
3,3,1618,1672,"Apartment / Condo / Townhouse","Brick","Composition Shingle",1,12,2,0,2,13,1,8,6,34,62,72,360,110,8,3,0,1,8,24
3,3,1640,8530,"Single-Family","Brick","Composition Shingle",1,53,13,4,7,42,2,37,15,35,80,87,527,160,4,3,0,0,65,12
3,3,1649,6534,"Single-Family","Missing","Asphalt",1,4,2,0,0,6,1,12,5,37,69,60,387,99,6,3,0,0,14,18
3,3,1650,1799,"Apartment / Condo / Townhouse","Brick","Composition Shingle",1,3,0,0,1,6,0,12,1,28,85,31,266,81,6,3,0,0,46,18
3,3,1652,1540,"Apartment / Condo / Townhouse","Siding (Alum/Vinyl)","Composition Shingle",1,26,4,0,2,46,0,15,14,42,65,65,438,133,5,3,0,1,9,15
3,3,1661,0,"Apartment / Condo / Townhouse","Brick","Composition Shingle",1,21,2,0,4,19,3,11,12,45,61,70,270,82,6,3,0,1,35,18
3,3,1680,2100,"Apartment / Condo / Townhouse","Metal","Shake Shingle",1,61,4,6,5,36,4,38,10,30,60,69,336,102,7,3,0,0,9,21
3,3,1687,0,"Apartment / Condo / Townhouse","Siding (Alum/Vinyl)","Composition Shingle",1,35,2,6,5,36,0,11,6,36,61,64,282,86,7,3,0,1,16,21
3,3,1722,1575,"Apartment / Condo / Townhouse","Brick","Other",1,25,4,1,5,15,1,20,12,34,66,72,418,127,8,3,0,0,31,24
3,3,1750,1650,"Apartment / Condo / Townhouse","Siding (Alum/Vinyl)","Composition Shingle",1,0,0,0,0,1,0,0,2,44,77,62,343,104,6,3,0,0,19,18
3,3,1770,1799,"Apartment / Condo / Townhouse","Metal","Composition Shingle",1,25,5,1,4,18,2,17,11,42,55,72,400,122,7,3,0,0,23,21
3,3,1774,1520,"Apartment / Condo / Townhouse","Brick","Composition Shingle",1,16,1,1,3,6,0,13,5,37,47,58,345,105,7,2,0,0,3,14
3,3,1780,2003,"Apartment / Condo / Townhouse","Wood","Composition Shingle",1,70,2,7,9,80,12,30,31,30,57,67,327,99,7,3,0,1,43,21
3,3,1814,1398,"Apartment / Condo / Townhouse","Siding (Alum/Vinyl)","Composition Shingle",1,3,0,0,1,5,0,4,5,43,74,69,381,116,8,3,0,1,21,24
3,3,1840,1951,"Apartment / Condo / Townhouse","Siding (Alum/Vinyl)","Composition Shingle",1,68,11,4,5,52,2,52,18,45,40,50,269,82,5,3,0,1,27,15
3,3,1860,2613,"Apartment / Condo / Townhouse","Missing","Composition Shingle",1,29,2,3,6,118,2,19,17,35,71,54,383,98,7,3,0,0,2,21
3,3,1882,2822,"Apartment / Condo / Townhouse","Siding (Alum/Vinyl)","Composition Shingle",1,11,2,1,0,5,0,8,2,29,82,44,229,64,4.5,2,0,0,10,9
3,3,1920,1742,"Apartment / Condo / Townhouse","Missing","Composition Shingle",1,7,2,1,1,5,0,3,4,36,66,79,470,121,6,3,0,0,9,18
3,3,1923,2178,"Apartment / Condo / Townhouse","Missing","Composition Shingle",1,83,4,9,14,87,9,54,25,35,80,44,310,80,7,3,0,0,20,21
3,3,1980,2718,"Apartment / Condo / Townhouse","Metal","Composition Shingle",1,19,1,3,0,13,1,11,8,44,61,60,430,131,6,2,0,0,8,12
3,3,2000,2613,"Apartment / Condo / Townhouse","Missing","Composition Shingle",1,66,3,7,7,54,2,32,22,38,77,71,387,99,7,3,0,0,15,21
3,3,2010,5496,"Single-Family","Brick","Shake Shingle",1,55,10,3,4,47,5,38,32,41,70,95,575,199,9,3,0,0,61,27
3,3,2012,2416,"Apartment / Condo / Townhouse","Siding (Alum/Vinyl)","Shake Shingle",1,82,5,9,7,43,5,48,13,30,60,69,332,101,7,3,0,0,15,21
3,3,2052,1978,"Apartment / Condo / Townhouse","Missing","Composition Shingle",1,22,3,1,3,23,1,10,10,41,70,65,423,120,3,3,0,1,10,9
3,3,2057,1506,"Single-Family","Brick","Missing",1,48,13,8,9,41,7,41,22,32,34,76,477,158,2,3,0,1,18,6
3,3,2064,2217,"Apartment / Condo / Townhouse","Brick","Composition Shingle",1,21,4,1,5,15,1,18,10,45,84,81,569,173,8,3,0,1,19,24
3,3,2073,2378,"Apartment / Condo / Townhouse","Siding (Alum/Vinyl)","Missing",1,63,7,9,5,85,2,53,10,30,51,44,229,64,4,3,0,0,17,12
3,3,2086,12632,"Single-Family","Brick veneer","Composition Shingle",1,127,11,26,17,174,10,71,47,48,54,89,648,224,6,3,0,0,79,18
3,3,2118,3484,"Apartment / Condo / Townhouse","Missing","Composition Shingle",0,31,1,6,0,13,1,8,9,40,80,66,431,111,7,3,0,0,6,21
3,3,2200,2171,"Apartment / Condo / Townhouse","Brick","Composition Shingle",1,20,7,0,3,27,4,11,23,40,85,25,491,150,5,3,0,0,2,15
3,3,2288,10018,"Single-Family","Missing","Composition Shingle",1,9,2,0,0,18,1,12,12,42,52,39,377,97,7,3,0,1,42,21
3,3,2321,2653,"Apartment / Condo / Townhouse","Siding (Alum/Vinyl)","Asphalt",1,2,0,1,0,4,0,3,1,31,82,65,286,81,8,2,0,0,6,16
3,3,2369,2522,"Apartment / Condo / Townhouse","Siding (Alum/Vinyl)","Composition Shingle",1,11,2,0,4,8,3,5,11,39,87,73,364,111,8,1,0,0,30,8
3,3,2412,12196,"Single-Family","Wood","Composition Shingle",1,10,1,1,1,24,1,4,11,39,72,60,458,139,7,1,0,0,32,7
3,3,2700,0,"Apartment / Condo / Townhouse","Missing","Missing",1,14,2,0,1,7,3,5,4,37,69,36,285,81,6,3,0,1,0,18
3,3,2701,5633,"Single-Family","Siding (Alum/Vinyl)","Composition Shingle",1,25,5,1,4,19,2,17,11,42,55,72,491,149,7,3,0,0,13,21
3,3,2722,3232,"Apartment / Condo / Townhouse","Brick","Composition Shingle",1,26,3,4,2,15,3,13,10,33,70,80,459,140,5,2,0,0,17,10
3,3,2804,8677,"Single-Family","Metal","Composition Shingle",1,23,1,3,3,7,2,9,6,30,85,64,491,149,8,3,0,0,17,24
3,3,2846,4791,"Single-Family","Missing","Composition Shingle",1,5,0,0,0,6,0,1,6,39,72,62,422,108,7,3,0,0,23,21
3,3,3135,3463,"Apartment / Condo / Townhouse","Siding (Alum/Vinyl)","Composition Shingle",1,8,2,0,2,10,1,4,8,44,89,87,561,171,5,3,0,1,19,15
3,4,1496,2177,"Apartment / Condo / Townhouse","Wood","Shake Shingle",1,17,0,0,0,12,4,15,20,32,63,70,348,106,7,3,0,0,18,21
3,4,1556,1241,"Apartment / Condo / Townhouse","Brick","Missing",1,4,1,0,0,1,0,5,5,29,88,73,277,78,8,1,0,0,3,8
3,4,1628,2887,"Apartment / Condo / Townhouse","Brick","Other",1,20,5,2,1,17,1,13,10,49,84,65,397,121,9,3,0,0,47,27
3,4,1633,1716,"Apartment / Condo / Townhouse","Brick","Composition Shingle",1,6,3,0,1,11,1,4,4,43,82,76,401,122,8,3,0,0,22,24
3,4,1700,2626,"Apartment / Condo / Townhouse","Siding (Alum/Vinyl)","Composition Shingle",1,4,0,2,1,8,0,2,1,34,75,65,270,82,8,3,0,1,26,24
3,4,1700,1882,"Apartment / Condo / Townhouse","Siding (Alum/Vinyl)","Asphalt",1,0,0,0,0,5,0,0,2,31,80,47,295,83,6,2,0,0,11,12
3,4,2052,0,"Apartment / Condo / Townhouse","Brick veneer","Shake Shingle",1,104,9,24,15,36,7,34,33,38,46,42,381,132,6,3,0,0,14,18
3,4,2136,3034,"Apartment / Condo / Townhouse","Brick","Other",1,58,5,4,7,78,5,85,23,52,61,86,688,210,9,3,0,0,10,27
3,4,2223,2718,"Apartment / Condo / Townhouse","Combination","Shake Shingle",1,0,0,0,0,1,1,0,2,33,95,54,267,76,8,3,0,1,24,24
3,4,3084,0,"Apartment / Condo / Townhouse","Brick","Composition Shingle",1,119,7,20,22,302,6,76,26,36,68,72,680,207,8,3,0,1,11,24
4,1,1142,10890,"Single-Family","Siding (Alum/Vinyl)","Composition Shingle",1,3,0,0,1,1,0,2,12,41,71,58,381,116,4,3,0,1,34,12
4,1,1662,6499,"Single-Family","Brick","Asphalt",1,26,8,2,2,31,1,19,5,39,56,19,343,104,4,3,0,1,55,12
4,1,2852,6098,"Single-Family","Missing","Composition Shingle",1,7,2,1,1,5,0,3,2,42,85,76,533,137,6,3,0,0,16,18
4,1,2912,20473,"Single-Family","Wood","Composition Shingle",1,2,0,0,1,2,0,2,1,53,93,93,818,249,10,3,0,0,5,30
4,2,800,10001,"Single-Family","Siding (Alum/Vinyl)","Composition Shingle",1,0,0,0,0,2,0,1,4,36,69,51,237,67,6,3,0,0,44,18
4,2,954,22215,"Single-Family","Brick","Other",1,9,2,1,1,16,1,3,5,40,73,44,400,122,4,3,0,1,54,12
4,2,1046,8537,"Single-Family","Brick","Composition Shingle",1,91,7,14,12,78,6,46,13,30,62,23,434,132,4,3,0,0,56,12
4,2,1080,7199,"Single-Family","Siding (Alum/Vinyl)","Composition Shingle",1,38,9,3,6,48,2,34,12,34,86,66,368,112,4,3,0,0,56,12
4,2,1092,11761,"Single-Family","Brick","Composition Shingle",1,5,1,0,1,5,1,13,6,45,87,79,426,129,9,3,0,0,44,27
4,2,1170,5998,"Single-Family","Brick veneer","Composition Shingle",1,197,9,36,34,197,15,69,48,47,52,79,540,187,6,3,0,0,70,18
4,2,1323,11325,"Single-Family","Brick","Composition Shingle",1,19,5,2,1,17,1,12,7,49,84,65,441,134,9,3,0,0,44,27
4,2,1360,1480,"Apartment / Condo / Townhouse","Siding (Alum/Vinyl)","Composition Shingle",1,57,7,6,5,46,5,34,15,37,80,59,323,98,6,3,0,1,29,18
4,2,1396,5000,"Single-Family","Other","Composition Shingle",1,77,7,26,13,68,5,33,51,33,65,84,648,224,9,3,0,0,80,27
4,2,1404,11325,"Single-Family","Missing","Composition Shingle",0,25,7,1,0,14,2,21,10,35,69,25,348,89,3,3,0,1,49,9
4,2,1484,7501,"Single-Family","Brick","Composition Shingle",1,60,5,4,7,79,5,86,25,50,57,77,614,187,9,3,0,0,43,27
4,2,1549,13503,"Single-Family","Siding (Alum/Vinyl)","Composition Shingle",1,137,15,10,11,88,9,88,44,36,72,50,311,95,5,3,0,0,45,15
4,2,1588,7841,"Single-Family","Missing","Composition Shingle",0,45,7,2,2,28,5,30,26,29,63,45,339,87,3,3,0,0,41,9
4,2,1592,6655,"Single-Family","Siding (Alum/Vinyl)","Composition Shingle",1,47,10,4,6,23,0,26,8,28,54,46,360,109,5,3,0,0,73,15
4,2,1658,10500,"Single-Family","Brick","Composition Shingle",1,7,7,0,0,18,2,7,3,45,78,68,4508,1374,3,3,0,0,41,9
4,2,1663,10890,"Single-Family","Siding (Alum/Vinyl)","Composition Shingle",1,0,0,0,0,0,1,0,1,45,72,63,344,105,6,3,0,1,43,18
4,2,1721,11761,"Single-Family","Siding (Alum/Vinyl)","Composition Shingle",1,14,7,1,1,14,0,19,3,34,78,32,372,113,3,3,0,1,47,9
4,2,1772,11761,"Single-Family","Brick","Composition Shingle",1,7,2,0,0,9,1,6,13,37,78,45,368,112,5,3,0,0,52,15
4,2,1800,10454,"Single-Family","Missing","Asphalt",1,79,4,3,14,172,4,45,28,35,50,66,339,87,7,3,0,1,30,21
4,2,1858,8428,"Single-Family","Siding (Alum/Vinyl)","Composition Shingle",1,13,3,0,0,9,1,5,5,42,77,50,368,112,6,3,0,0,21,18
4,2,1915,10441,"Single-Family","Wood","Composition Shingle",1,7,2,0,1,14,0,9,8,41,82,38,409,124,4,2,0,0,18,8
4,2,1992,9504,"Single-Family","Siding (Alum/Vinyl)","Composition Shingle",1,7,2,0,1,8,0,9,5,41,78,62,594,181,9,3,0,0,21,27
4,2,2000,8511,"Single-Family","Brick","Composition Shingle",1,66,3,10,7,126,4,39,8,37,70,36,364,111,3,3,0,0,45,9
4,2,2031,14810,"Single-Family","Wood","Composition Shingle",1,18,5,2,3,20,2,12,19,56,58,54,343,104,5,3,0,0,52,15
4,2,2032,8607,"Single-Family","Siding (Alum/Vinyl)","Composition Shingle",1,0,0,0,0,1,0,0,2,42,97,68,503,153,7.5,2,0,1,21,15
4,2,2040,7840,"Single-Family","Missing","Composition Shingle",0,10,2,1,1,4,0,4,4,37,86,53,387,99,6,3,0,1,38,18
4,2,2096,6438,"Single-Family","Brick","Asphalt",1,26,3,4,2,16,3,14,10,43,61,51,519,158,5,2,0,0,20,10
4,2,2104,10497,"Single-Family","Brick","Composition Shingle",1,6,1,0,1,6,0,14,8,41,85,66,430,131,8,3,0,0,51,24
4,2,2146,26571,"Single-Family","Brick","Composition Shingle",1,0,0,0,0,0,0,0,0,47,92,84,696,212,9,3,0,0,33,27
4,2,2295,10798,"Single-Family","Brick","Composition Shingle",1,59,1,12,8,45,3,31,12,49,75,57,532,162,3.5,2,0,1,45,7
4,2,2300,9024,"Single-Family","Siding (Alum/Vinyl)","Shake Shingle",1,20,2,2,5,22,0,5,7,51,87,64,450,137,9,3,0,0,38,27
4,2,2352,17424,"Single-Family","Siding (Alum/Vinyl)","Composition Shingle",1,18,2,0,1,12,1,17,10,36,92,76,549,167,7,2,0,1,32,14
4,2,2392,16117,"Single-Family","Combination","Missing",0,51,7,3,8,48,5,24,13,47,79,64,395,137,7,3,0,0,40,21
4,2,2402,48787,"Single-Family","Combination","Composition Shingle",1,28,5,3,5,29,1,20,11,38,83,48,405,114,7,3,0,1,37,21
4,2,2404,21344,"Single-Family","Missing","Composition Shingle",1,37,6,5,4,42,1,40,11,35,74,48,499,128,3,3,0,0,24,9
4,2,2496,14374,"Single-Family","Brick","Composition Shingle",1,7,0,0,0,5,0,6,12,40,59,62,586,178,7,3,0,1,42,21
4,2,2523,20037,"Single-Family","Wood","Missing",0,60,3,7,6,44,5,66,26,42,56,60,395,137,7,3,0,0,113,21
4,2,2632,436471,"Single-Family","Missing","Composition Shingle",1,0,0,0,0,0,0,0,2,49,78,72,630,162,8,3,0,0,33,24
4,2,2720,435600,"Single-Family","Siding (Alum/Vinyl)","Missing",1,0,0,0,0,1,0,0,0,41,67,24,594,168,8,3,0,1,0,24
4,2,2938,10576,"Single-Family","Brick","Composition Shingle",1,118,16,12,14,99,3,44,16,46,64,76,573,174,4,3,0,1,61,12
4,2,3145,3147,"Single-Family","Siding (Alum/Vinyl)","Shake Shingle",1,23,2,3,1,21,1,11,2,32,81,25,352,107,3,3,0,1,35,9
4,3,693,13068,"Single-Family","Brick","Other",1,42,5,3,4,49,1,24,15,43,71,78,844,257,8,3,0,0,59,24
4,3,1034,7967,"Single-Family","Siding (Alum/Vinyl)","Composition Shingle",1,0,0,0,0,3,0,0,3,41,65,65,418,127,9,3,0,0,29,27
4,3,1140,0,"Single-Family","Siding (Alum/Vinyl)","Composition Shingle",1,11,2,0,4,9,3,5,12,32,54,62,254,77,7,1,0,0,18,7
4,3,1176,10497,"Single-Family","Brick","Composition Shingle",1,67,6,4,9,88,4,33,26,42,74,67,500,152,9,3,0,0,38,27
4,3,1206,9151,"Single-Family","Siding (Alum/Vinyl)","Composition Shingle",1,0,0,0,0,1,0,2,1,37,87,64,368,112,6,2,0,0,26,12
4,3,1296,20908,"Single-Family","Brick","Missing",1,41,5,4,1,39,0,11,3,38,70,25,326,92,5,3,0,1,49,15
4,3,1354,8976,"Single-Family","Brick veneer","Shake Shingle",1,74,6,18,5,43,9,34,39,48,54,89,633,219,6,3,0,0,53,18
4,3,1363,10667,"Single-Family","Siding (Alum/Vinyl)","Composition Shingle",1,10,1,1,1,6,1,8,9,34,80,70,482,147,6.5,2,0,0,34,13
4,3,1364,1760,"Apartment / Condo / Townhouse","Siding (Alum/Vinyl)","Asphalt",1,46,7,7,3,49,11,28,16,28,75,28,292,71,4,3,0,1,19,12
4,3,1485,17424,"Single-Family","Siding (Alum/Vinyl)","Composition Shingle",1,15,3,1,4,14,3,9,14,46,78,77,524,160,7,3,0,0,35,21
4,3,1496,1585,"Apartment / Condo / Townhouse","Siding (Alum/Vinyl)","Composition Shingle",1,0,0,0,0,6,1,0,10,31,68,54,343,104,8,1,0,0,39,8
4,3,1503,1542,"Apartment / Condo / Townhouse","Brick","Composition Shingle",1,29,7,5,7,28,0,27,9,36,66,49,364,111,8,3,0,0,34,24
4,3,1512,1433,"Apartment / Condo / Townhouse","Other","Other",1,17,0,1,1,13,8,15,21,32,63,70,359,109,7,3,0,0,36,21
4,3,1534,1759,"Apartment / Condo / Townhouse","Brick","Composition Shingle",1,25,3,1,4,22,3,13,14,45,61,70,389,118,6,3,0,0,41,18
4,3,1537,8450,"Single-Family","Brick","Composition Shingle",1,5,3,0,1,13,0,4,3,44,68,48,434,132,9,1,0,0,23,9
4,3,1538,1738,"Apartment / Condo / Townhouse","Brick","Missing",1,52,3,8,4,70,3,41,9,29,80,24,281,79,4,3,0,1,22,12
4,3,1546,4978,"Single-Family","Wood","Composition Shingle",1,20,1,0,3,15,0,6,12,42,56,81,472,143,6,3,0,0,16,18
4,3,1584,1804,"Apartment / Condo / Townhouse","Siding (Alum/Vinyl)","Composition Shingle",1,22,3,2,4,22,1,14,13,40,73,86,491,149,8,3,0,1,17,24
4,3,1593,28314,"Single-Family","Brick","Composition Shingle",1,1,0,0,0,2,0,1,4,51,81,81,573,175,4,3,0,0,49,12
4,3,1604,10724,"Single-Family","Brick","Composition Shingle",1,6,4,0,1,5,0,5,3,43,72,66,635,193,4,3,0,0,40,12
4,3,1672,3840,"Apartment / Condo / Townhouse","Brick","Composition Shingle",1,45,6,4,4,52,2,34,18,44,80,83,573,174,8,3,0,0,34,24
4,3,1707,16117,"Single-Family","Brick","Shake Shingle",1,0,0,0,0,3,0,0,4,43,74,69,396,121,9,3,0,0,32,27
4,3,1752,1584,"Apartment / Condo / Townhouse","Brick","Composition Shingle",1,31,4,3,5,24,2,20,16,34,66,72,483,147,8,3,0,0,20,24
4,3,1773,10001,"Single-Family","Brick veneer","Composition Shingle",1,0,0,0,0,2,4,0,11,43,84,87,720,249,9,3,0,0,45,27
4,3,1786,2310,"Apartment / Condo / Townhouse","Brick","Composition Shingle",1,31,4,3,5,20,2,20,16,34,66,72,483,147,8,3,0,0,24,24
4,3,1839,7840,"Single-Family","Missing","Composition Shingle",0,10,2,1,1,6,0,4,5,37,86,53,363,93,6,3,0,0,41,18
4,3,1930,10532,"Single-Family","Brick","Composition Shingle",1,11,1,0,1,45,0,3,11,36,53,56,393,120,5,3,0,1,44,15
4,3,1936,1742,"Apartment / Condo / Townhouse","Missing","Composition Shingle",1,60,3,7,6,54,2,30,18,38,77,71,480,123,7,3,0,1,18,21
4,3,2020,5222,"Single-Family","Other","Composition Shingle",1,38,7,3,7,44,2,31,47,33,59,82,612,212,9,3,0,1,85,27
4,3,2020,20037,"Single-Family","Brick","Composition Shingle",1,33,11,2,1,27,2,24,7,34,76,43,430,131,3,3,0,1,48,9
4,3,2033,14374,"Single-Family","Brick","Composition Shingle",1,1,0,0,0,2,0,0,6,48,74,76,458,139,3,3,0,0,43,9
4,3,2038,2058,"Apartment / Condo / Townhouse","Brick","Composition Shingle",1,21,1,0,3,19,0,8,12,43,61,86,589,179,6,3,0,0,30,18
4,3,2098,21780,"Single-Family","Brick","Composition Shingle",1,2,1,1,0,4,1,0,4,40,87,65,557,169,9,3,0,0,37,27
4,3,2100,14374,"Single-Family","Siding (Alum/Vinyl)","Shake Shingle",1,3,1,0,0,3,2,1,1,45,80,80,586,178,6,3,0,0,44,18
4,3,2108,3084,"Apartment / Condo / Townhouse","Brick","Composition Shingle",1,12,10,1,0,22,0,22,6,38,55,38,278,84,3,3,0,1,43,9
4,3,2236,3049,"Apartment / Condo / Townhouse","Missing","Composition Shingle",0,2,0,0,0,2,0,2,8,30,76,69,412,106,6.5,2,0,1,4,13
4,3,2335,16552,"Single-Family","Siding (Alum/Vinyl)","Asphalt",1,68,13,10,6,72,9,43,17,47,79,38,384,93,4,3,0,0,51,12
4,3,2340,1692,"Apartment / Condo / Townhouse","Brick","Other",1,161,8,30,27,275,26,143,66,55,55,91,898,298,2,3,0,0,31,6
4,3,2347,10500,"Single-Family","Other","Shake Shingle",1,0,0,0,1,1,2,11,10,37,80,86,753,229,9,3,0,0,44,27
4,3,2352,9243,"Single-Family","Wood","Composition Shingle",1,4,1,0,2,8,0,4,12,54,87,84,611,212,9,3,0,0,34,27
4,3,2382,5584,"Single-Family","Siding (Alum/Vinyl)","Composition Shingle",1,27,4,0,4,40,5,14,12,53,74,62,418,127,8,3,0,0,21,24
4,3,2411,11325,"Single-Family","Siding (Alum/Vinyl)","Composition Shingle",1,3,0,0,1,4,0,5,4,44,96,77,561,171,9,3,0,0,14,27
4,3,2432,15245,"Single-Family","Missing","Composition Shingle",1,41,1,7,9,53,7,34,13,37,69,60,519,133,6,3,0,0,13,18
4,3,2455,8215,"Single-Family","Siding (Alum/Vinyl)","Composition Shingle",1,44,4,5,7,60,8,24,23,45,65,76,524,159,5,3,0,1,29,15
4,3,2457,8838,"Single-Family","Siding (Alum/Vinyl)","Composition Shingle",1,0,0,0,0,1,1,2,6,38,92,78,384,117,5,3,0,1,26,15
4,3,2464,54450,"Single-Family","Siding (Alum/Vinyl)","Composition Shingle",1,0,0,0,0,0,0,0,0,42,94,64,569,173,8,1,0,0,23,8
4,3,2480,14374,"Single-Family","Brick","Composition Shingle",1,24,8,2,0,39,2,13,4,43,74,70,553,168,4,3,0,0,44,12
4,3,2500,66211,"Single-Family","Brick","Composition Shingle",1,0,0,0,0,0,0,0,0,45,89,72,507,154,8,1,0,0,33,8
4,3,2510,1947,"Apartment / Condo / Townhouse","Brick","Shake Shingle",0,137,16,16,16,107,5,62,35,48,60,77,708,206,9,3,0,0,8,27
4,3,2530,11761,"Single-Family","Siding (Alum/Vinyl)","Composition Shingle",1,2,0,2,0,7,1,4,2,49,84,65,491,149,9,3,0,0,46,27
4,3,2554,7779,"Single-Family","Wood","Composition Shingle",1,48,8,2,6,55,5,38,32,41,64,84,684,237,9,3,0,0,94,27
4,3,2554,10890,"Single-Family","Siding (Alum/Vinyl)","Composition Shingle",1,0,0,0,0,4,0,0,3,43,97,86,597,182,8,3,0,0,9,24
4,3,2560,22215,"Single-Family","Brick","Composition Shingle",1,105,14,6,14,87,2,26,14,39,73,69,655,200,4,3,0,0,48,12
4,3,2657,7239,"Single-Family","Siding (Alum/Vinyl)","Composition Shingle",1,14,3,1,0,12,0,17,4,39,83,55,330,93,5,2,0,0,3,10
4,3,2660,17859,"Single-Family","Brick","Composition Shingle",1,6,1,0,1,8,1,7,8,43,90,76,753,229,10,3,0,0,52,30
4,3,2768,21344,"Single-Family","Wood","Asphalt",1,0,0,0,0,0,0,0,1,47,93,81,655,200,9,3,0,0,24,27
4,3,2852,8590,"Single-Family","Metal","Composition Shingle",1,73,19,15,13,58,2,21,13,35,63,45,589,179,3,3,0,1,26,9
4,3,2905,21780,"Single-Family","Brick","Composition Shingle",1,19,4,0,3,26,4,7,15,45,96,72,569,173,9,3,0,1,54,27
4,3,2926,81892,"Single-Family","Wood","Other",1,0,0,0,0,0,1,0,0,54,94,80,606,185,10,3,0,0,25,30
4,3,2932,115434,"Single-Family","Combination","Missing",1,0,0,0,0,0,0,0,0,46,92,35,330,93,6,3,0,1,37,18
4,3,2938,8416,"Single-Family","Brick","Other",1,41,6,6,7,55,8,34,33,45,81,88,737,245,4,3,0,0,70,12
4,3,2978,96703,"Single-Family","Wood","Missing",1,0,0,0,0,0,0,0,0,45,83,40,386,109,8,3,0,0,28,24
4,3,2995,17424,"Single-Family","Wood","Composition Shingle",1,4,1,0,0,8,3,2,1,50,69,81,901,274,6,3,0,0,12,18
4,3,3005,5013,"Single-Family","Siding (Alum/Vinyl)","Composition Shingle",1,25,1,4,1,22,1,11,9,40,68,70,508,154,6,2,0,0,16,12
4,3,3017,22651,"Single-Family","Brick","Asphalt",1,1,0,0,0,1,0,0,1,47,90,84,713,217,9,3,0,0,28,27
4,3,3025,10815,"Single-Family","Brick","Composition Shingle",1,0,1,1,0,3,0,1,0,45,80,80,655,199,6,3,0,0,49,18
4,3,3030,10507,"Single-Family","Wood","Composition Shingle",1,15,1,1,1,27,0,9,7,48,91,81,573,174,7,1,0,0,36,7
4,3,3032,20473,"Single-Family","Brick","Composition Shingle",1,24,5,0,3,36,6,11,16,31,62,53,643,196,9,3,0,0,36,27
4,3,3036,9596,"Single-Family","Siding (Alum/Vinyl)","Composition Shingle",1,26,5,1,4,17,2,16,10,42,55,72,471,143,7,3,0,0,28,21
4,3,3137,20473,"Single-Family","Combination","Missing",1,0,0,0,0,0,0,1,0,38,83,60,348,98,8,3,0,1,37,24
4,3,3208,4774,"Single-Family","Combination","Missing",1,74,5,8,6,49,5,69,25,51,88,71,603,209,7,3,0,1,9,21
4,3,3234,7287,"Single-Family","Metal","Composition Shingle",1,17,2,1,5,22,2,8,5,40,87,63,528,161,8,3,0,1,25,24
4,3,3346,9644,"Single-Family","Siding (Alum/Vinyl)","Asphalt",1,42,6,7,3,42,11,23,17,41,89,61,472,114,4,3,0,0,7,12
4,3,3421,10868,"Single-Family","Metal","Composition Shingle",1,35,5,3,4,32,2,14,14,34,76,73,655,199,6.5,2,0,0,9,13
4,3,3440,14810,"Single-Family","Siding (Alum/Vinyl)","Asphalt",1,35,7,1,5,66,2,31,23,52,71,86,653,217,4,3,0,0,19,12
4,3,3453,9609,"Single-Family","Siding (Alum/Vinyl)","Composition Shingle",1,10,1,1,2,5,1,5,7,30,85,64,573,174,8,3,0,0,17,24
4,3,3480,10890,"Single-Family","Brick","Asphalt",1,32,2,5,8,36,8,25,35,45,81,88,1015,337,4,3,0,0,53,12
4,3,3518,7840,"Single-Family","Missing","Composition Shingle",1,36,3,2,0,59,4,22,29,34,78,66,521,134,6,3,0,0,7,18
4,3,3547,8717,"Single-Family","Brick veneer","Other",1,210,12,35,37,214,13,76,49,45,61,83,971,337,6,3,0,0,56,18
4,3,3555,9313,"Single-Family","Combination","Missing",1,2,0,1,0,2,0,2,1,31,82,65,374,106,8,2,0,0,4,16
4,3,3600,16117,"Single-Family","Other","Asphalt",1,14,3,1,3,13,3,6,11,41,73,60,548,167,5,3,0,1,37,15
4,3,3647,7540,"Single-Family","Siding (Alum/Vinyl)","Composition Shingle",1,14,3,1,0,12,0,18,3,39,83,55,374,106,5,2,0,0,2,10
4,3,3692,7901,"Single-Family","Siding (Alum/Vinyl)","Composition Shingle",1,14,2,0,1,6,2,5,3,37,69,36,383,108,6,3,0,0,0,18
4,3,3813,12196,"Single-Family","Siding (Alum/Vinyl)","Asphalt",1,11,6,0,3,12,0,3,6,37,85,72,491,150,3,3,0,0,19,9
4,3,4310,20037,"Single-Family","Brick","Composition Shingle",1,11,1,1,3,8,0,5,8,48,79,90,1053,321,10,3,0,0,38,30
4,3,4376,15245,"Single-Family","Brick veneer","Other",1,40,6,3,4,38,6,31,22,48,80,97,1008,350,9,3,0,0,61,27
4,3,4544,47916,"Single-Family","Siding (Alum/Vinyl)","Missing",1,0,0,0,0,1,0,0,0,51,84,59,510,144,7,3,0,0,0,21
4,3,4600,13068,"Single-Family","Brick","Other",1,6,1,1,0,19,1,4,8,39,80,44,975,297,7,2,0,0,52,14
4,4,1968,217800,"Single-Family","Siding (Alum/Vinyl)","Composition Shingle",1,0,1,0,0,0,0,0,0,42,94,64,553,168,8,1,0,0,28,8
4,4,2040,2570,"Apartment / Condo / Townhouse","Brick","Shake Shingle",1,2,1,0,1,2,1,3,7,35,77,67,250,71,8,3,0,0,22,24
4,4,2408,12196,"Single-Family","Brick","Composition Shingle",1,6,3,0,1,13,1,4,5,43,82,76,463,141,8,3,0,1,48,24
4,4,3272,9140,"Single-Family","Siding (Alum/Vinyl)","Shake Shingle",1,1,0,2,0,1,1,0,3,40,99,77,532,162,8,3,0,0,10,24
4,4,3737,12632,"Single-Family","Siding (Alum/Vinyl)","Shake Shingle",1,2,1,1,0,6,1,4,1,35,85,39,423,119,7,3,0,1,4,21
4,4,4048,6098,"Single-Family","Combination","Composition Shingle",1,32,4,4,7,54,0,33,7,64,46,59,458,129,7,3,0,1,11,21
4,4,4273,13068,"Single-Family","Siding (Alum/Vinyl)","Composition Shingle",1,0,0,0,0,0,0,0,1,42,90,74,556,169,7,3,0,0,17,21
4,4,4454,8367,"Single-Family","Metal","Asphalt",1,7,0,2,1,5,1,5,2,34,73,73,541,165,8,3,0,0,17,24
4,4,4630,25264,"Single-Family","Siding (Alum/Vinyl)","Asphalt",1,15,1,1,1,24,1,9,4,45,89,61,672,204,7,1,0,0,21,7
4,4,4729,8555,"Single-Family","Combination","Composition Shingle",1,20,2,1,1,18,0,12,5,33,73,45,466,132,8.5,2,0,0,3,17
4,4,4815,10890,"Single-Family","Combination","Composition Shingle",1,6,1,1,1,3,2,5,3,40,88,65,555,157,7.5,2,0,1,3,15
4,4,4975,8193,"Single-Family","Combination","Composition Shingle",1,18,3,1,3,18,0,14,9,33,90,39,483,137,6,3,0,0,1,18
4,4,5471,95396,"Single-Family","Combination","Composition Shingle",1,0,0,0,0,4,0,0,2,43,86,65,660,187,8,3,0,1,0,24
4,4,6022,9583,"Single-Family","Missing","Composition Shingle",1,16,1,2,4,14,0,14,8,34,86,71,804,207,7,3,0,0,0,21
4,4,7677,62726,"Single-Family","Missing","Composition Shingle",1,0,0,0,0,0,0,0,1,36,81,49,713,202,7,3,0,0,4,21
4,5,2720,40510,"Single-Family","Brick","Composition Shingle",1,2,0,0,0,12,0,0,4,47,89,66,540,164,7,3,0,0,24,21
4,5,4687,50529,"Single-Family","Missing","Composition Shingle",1,37,6,5,4,44,1,39,12,38,78,51,784,202,6,3,0,0,51,18
5,1,1256,11761,"Single-Family","Brick","Composition Shingle",1,1,0,0,0,2,0,1,4,40,86,74,467,142,6,3,0,0,46,18
5,2,1965,22651,"Single-Family","Brick","Composition Shingle",1,69,9,8,9,97,10,90,23,45,82,80,815,248,9,3,0,0,59,27
5,2,1976,10428,"Single-Family","Brick","Composition Shingle",1,30,5,2,5,21,1,11,6,44,79,47,389,118,4,3,0,0,54,12
5,2,2120,22215,"Single-Family","Brick","Composition Shingle",1,3,0,0,0,5,0,1,6,42,87,92,491,149,10,3,0,0,49,30
5,2,2264,5749,"Single-Family","Brick","Asphalt",1,44,7,6,8,62,9,38,36,44,83,81,601,199,4,3,0,0,56,12
5,2,2326,9525,"Single-Family","Brick","Composition Shingle",1,10,1,0,1,45,0,3,11,36,53,56,446,136,5,3,0,1,57,15
5,3,1209,13503,"Single-Family","Siding (Alum/Vinyl)","Composition Shingle",1,7,2,0,1,14,0,9,8,40,76,64,393,120,4,3,0,0,38,12
5,3,1388,13068,"Single-Family","Brick","Composition Shingle",1,6,3,0,1,12,1,4,3,43,82,76,483,147,8,3,0,0,42,24
5,3,1506,6250,"Single-Family","Siding (Alum/Vinyl)","Composition Shingle",1,81,11,10,7,90,4,53,20,44,73,57,569,173,5,3,0,0,65,15
5,3,1601,40510,"Single-Family","Brick","Composition Shingle",1,0,0,0,0,1,0,0,0,42,89,83,655,199,9,3,0,0,31,27
5,3,1764,10245,"Single-Family","Siding (Alum/Vinyl)","Composition Shingle",1,6,1,0,1,7,0,12,6,36,92,76,487,148,7,2,0,0,27,14
5,3,1792,10275,"Single-Family","Siding (Alum/Vinyl)","Asphalt",1,24,4,2,2,17,4,20,12,41,81,48,410,99,4,3,0,1,32,12
5,3,2089,15681,"Single-Family","Brick","Composition Shingle",1,34,11,2,1,26,1,26,5,34,78,32,391,119,3,3,0,0,51,9
5,3,2144,7692,"Single-Family","Brick","Composition Shingle",1,80,12,10,5,85,4,52,19,44,73,57,515,157,4,3,0,1,68,12
5,3,2637,15681,"Single-Family","Brick","Shake Shingle",1,11,2,0,1,13,0,15,5,45,84,81,644,196,9,3,0,0,25,27
5,3,2700,13503,"Single-Family","Brick","Composition Shingle",1,28,2,4,3,21,5,25,14,43,94,77,762,232,10,3,0,0,14,30
5,3,2876,20037,"Single-Family","Brick","Composition Shingle",1,6,0,0,2,4,0,0,4,44,88,88,598,182,9,3,0,0,23,27
5,3,2961,12632,"Single-Family","Brick","Composition Shingle",1,4,0,1,0,8,3,3,4,46,80,86,676,206,6,3,0,0,40,18
5,3,3110,9949,"Single-Family","Siding (Alum/Vinyl)","Composition Shingle",1,0,0,1,0,0,0,1,1,32,91,65,446,136,8,3,0,0,0,24
5,3,3120,47916,"Single-Family","Combination","Missing",1,6,1,0,0,4,0,5,2,46,92,47,396,112,6,3,0,0,39,18
5,3,3300,7496,"Single-Family","Siding (Alum/Vinyl)","Composition Shingle",1,11,1,0,0,6,0,5,7,34,88,36,378,107,8,2,0,0,7,16
5,3,3421,37897,"Single-Family","Brick","Composition Shingle",1,16,4,0,2,16,2,7,4,39,79,73,724,221,4,3,0,1,41,12
5,3,3668,24829,"Single-Family","Wood","Composition Shingle",1,2,0,1,1,4,0,10,6,43,91,86,614,187,10,3,0,0,26,30
5,3,3738,21780,"Single-Family","Siding (Alum/Vinyl)","Composition Shingle",1,18,13,1,0,35,1,22,5,45,78,68,598,182,3,3,0,0,14,9
5,3,3810,12632,"Single-Family","Brick","Asphalt",1,6,3,0,1,5,0,4,8,46,71,62,671,204,4,3,0,1,56,12
5,3,3939,9147,"Single-Family","Missing","Composition Shingle",1,20,1,5,2,8,1,7,9,33,100,83,639,164,9,3,0,0,1,27
5,3,3944,12632,"Single-Family","Missing","Composition Shingle",1,63,3,7,7,39,3,27,23,38,77,71,645,166,7,3,0,1,14,21
5,3,4005,10890,"Single-Family","Metal","Composition Shingle",1,26,5,0,3,39,6,11,14,31,62,53,654,199,9,3,0,0,22,27
5,3,4100,7840,"Single-Family","Missing","Composition Shingle",1,7,2,1,1,5,0,3,5,42,85,76,697,179,6,3,0,0,14,18
5,3,4399,8712,"Single-Family","Missing","Other",1,30,2,2,0,42,4,25,13,32,78,76,598,154,7,3,0,1,14,21
5,3,4461,16988,"Single-Family","Brick","Composition Shingle",1,14,3,1,3,13,3,6,11,46,78,77,630,192,7,3,0,1,43,21
5,3,4485,16117,"Single-Family","Siding (Alum/Vinyl)","Asphalt",1,66,12,11,7,85,9,44,26,47,86,42,481,117,4,3,0,0,17,12
5,3,4516,11325,"Single-Family","Combination","Composition Shingle",1,0,0,0,0,0,0,1,3,42,84,58,484,137,5.5,2,0,0,7,11
5,3,4684,82328,"Single-Family","Combination","Missing",1,0,0,0,0,0,0,0,0,43,94,68,594,168,7,3,0,1,19,21
5,3,4739,23958,"Single-Family","Missing","Composition Shingle",1,0,0,1,0,3,0,3,1,33,98,83,679,174,8,2,0,0,12,16
5,3,4771,15245,"Single-Family","Metal","Composition Shingle",1,1,0,1,0,1,1,0,3,40,99,77,637,194,8,3,0,1,25,24
5,3,4900,46173,"Single-Family","Combination","Missing",1,0,0,0,0,1,0,0,0,51,84,59,572,162,7,3,0,0,11,21
5,4,1544,8224,"Single-Family","Brick veneer","Composition Shingle",1,18,0,2,3,17,4,10,31,44,84,61,1210,420,9,3,0,0,49,27
5,4,1847,10001,"Single-Family","Siding (Alum/Vinyl)","Other",1,75,11,10,7,87,5,52,36,36,81,80,1416,412,9,3,0,0,110,27
5,4,1915,10820,"Single-Family","Brick","Composition Shingle",1,35,6,4,10,35,3,20,13,45,96,72,614,187,9,3,0,1,49,27
5,4,3000,9796,"Single-Family","Siding (Alum/Vinyl)","Asphalt",1,202,11,40,26,132,11,84,75,29,49,93,936,325,7,3,0,0,77,21
5,4,3044,20037,"Single-Family","Brick","Shake Shingle",1,0,0,0,0,0,0,0,1,49,85,87,1061,323,10,3,0,0,16,30
5,4,3060,12632,"Single-Family","Wood","Composition Shingle",1,10,4,0,2,15,1,17,8,42,92,74,524,159,8,3,0,0,16,24
5,4,3244,33105,"Single-Family","Brick","Composition Shingle",1,2,1,0,0,5,2,0,6,45,96,72,594,181,9,3,0,0,37,27
5,4,3525,41817,"Single-Family","Siding (Alum/Vinyl)","Composition Shingle",1,20,1,1,6,107,3,17,3,35,69,80,655,199,9,3,0,1,35,27
5,4,3560,6664,"Single-Family","Siding (Alum/Vinyl)","Composition Shingle",1,7,0,2,1,5,1,9,2,32,91,65,495,151,8,3,0,1,1,24
5,4,3705,6973,"Single-Family","Siding (Alum/Vinyl)","Composition Shingle",1,21,5,2,1,16,0,11,11,39,70,52,646,197,8,3,0,0,10,24
5,4,3959,12196,"Single-Family","Metal","Composition Shingle",1,38,2,1,4,33,4,18,23,43,61,86,614,187,6,3,0,1,38,18
5,4,4351,26571,"Single-Family","Siding (Alum/Vinyl)","Missing",1,75,8,9,4,88,3,51,19,31,87,48,501,142,7,3,0,1,15,21
5,4,4400,26571,"Single-Family","Siding (Alum/Vinyl)","Shake Shingle",1,1,0,0,0,2,0,0,5,42,87,92,676,206,10,3,0,0,21,30
5,4,4440,54885,"Single-Family","Brick","Composition Shingle",1,1,0,0,0,2,0,2,2,53,93,93,983,300,10,3,0,0,35,30
5,4,4720,10890,"Single-Family","Metal","Composition Shingle",1,1,0,2,0,2,1,0,3,40,99,77,614,187,8,3,0,0,11,24
5,4,4792,7335,"Single-Family","Brick veneer","Composition Shingle",1,152,9,25,26,110,10,64,72,40,41,90,899,312,9,3,0,0,78,27
5,4,5149,435600,"Single-Family","Wood","Missing",1,0,0,0,0,1,1,0,0,46,92,35,678,192,8,3,0,1,12,24
5,4,5249,8276,"Single-Family","Missing","Asphalt",1,63,3,7,7,39,3,27,24,38,77,71,644,166,7,3,0,1,12,21
5,4,5300,7975,"Single-Family","Brick","Composition Shingle",1,32,6,4,6,39,6,21,37,39,66,80,1220,423,9,3,0,1,60,27
5,4,5933,436035,"Single-Family","Siding (Alum/Vinyl)","Missing",1,0,0,0,0,0,0,0,0,42,84,38,668,189,8,3,0,1,7,24
5,4,6946,13068,"Single-Family","Combination","Composition Shingle",1,15,1,2,2,11,2,8,6,40,84,74,700,198,7,3,0,0,8,21
5,5,3320,16117,"Single-Family","Siding (Alum/Vinyl)","Shake Shingle",1,4,1,1,0,8,3,2,1,50,69,81,737,224,6,3,0,1,66,18
5,5,4658,20473,"Single-Family","Brick veneer","Asphalt",1,15,2,0,1,17,4,7,17,47,80,91,936,325,9,3,0,0,34,27
5,5,5368,40946,"Single-Family","Brick","Composition Shingle",1,4,1,2,2,4,0,15,6,48,90,83,1024,312,10,3,0,0,3,30
5,6,7064,217800,"Single-Family","Metal","Composition Shingle",1,5,1,1,1,8,2,1,2,43,87,66,942,287,8,1,0,0,4,8
